{"cameraMode":{"drawMode":0,"name":"Shaded","section":"Shading Mode"},"sceneLighting":true,"audioPlay":false,"sceneViewState":{"showFog":false,"showMaterialUpdate":true,"showSkybox":true,"showFlares":true,"showImageEffects":true,"showParticleSystems":true},"in2DMode":false,"pivot":{"x":4.1409502029418949,"y":-3.2493133544921877,"z":-7.7693023681640629},"rotation":{"x":-0.45905226469039919,"y":-0.08663798868656159,"z":0.045041367411613467,"w":-0.8830299973487854},"size":93.42337799072266,"orthographic":false}